{
	"info": {
		"_postman_id": "f54087fd-948c-45a8-bb71-dbe62cdd073d",
		"name": "Question3",
		"schema": "https://schema.getpostman.com/json/collection/v2.1.0/collection.json",
		"_exporter_id": "31147161"
	},
	"item": [
		{
			"name": "DelayPositive",
			"event": [
				{
					"listen": "test",
					"script": {
						"exec": [
							"pm.test(\"Status code is 200\", () =>\r",
							"{\r",
							"    pm.response.to.have.status(200);\r",
							"});\r",
							"\r",
							"pm.test(\"Response time is less than maxResponseTime from CSV\", function () {\r",
							"    const maxTime = parseInt(pm.iterationData.get(\"maxResponseTime\"));\r",
							"    pm.expect(pm.response.responseTime).to.be.below((maxTime+1)*1000);\r",
							"});"
						],
						"type": "text/javascript",
						"packages": {}
					}
				}
			],
			"request": {
				"method": "GET",
				"header": [
					{
						"key": "x-api-key",
						"value": "reqres-free-v1",
						"type": "text"
					}
				],
				"url": {
					"raw": "https://reqres.in/api/users?delay={{maxResponseTime}}",
					"protocol": "https",
					"host": [
						"reqres",
						"in"
					],
					"path": [
						"api",
						"users"
					],
					"query": [
						{
							"key": "delay",
							"value": "{{maxResponseTime}}"
						}
					]
				}
			},
			"response": []
		},
		{
			"name": "DelayNegative",
			"event": [
				{
					"listen": "test",
					"script": {
						"exec": [
							"pm.test(\"Status code is 200\", () =>\r",
							"{\r",
							"    pm.response.to.have.status(200);\r",
							"});\r",
							"\r",
							"pm.test(\"Response time is less than default reponse time from CSV\", function () {\r",
							"    pm.expect(pm.response.responseTime).to.be.below(500);\r",
							"});"
						],
						"type": "text/javascript",
						"packages": {}
					}
				}
			],
			"request": {
				"method": "GET",
				"header": [
					{
						"key": "x-api-key",
						"value": "reqres-free-v1",
						"type": "text"
					}
				],
				"url": {
					"raw": "https://reqres.in/api/users?delay={{invalidResponseTime}}",
					"protocol": "https",
					"host": [
						"reqres",
						"in"
					],
					"path": [
						"api",
						"users"
					],
					"query": [
						{
							"key": "delay",
							"value": "{{invalidResponseTime}}"
						}
					]
				}
			},
			"response": []
		}
	]
}