<?xml version="1.0" encoding="UTF-8"?>
<!DOCTYPE suite SYSTEM "http://testng.org/testng-1.0.dtd">
<suite name="All Test Suite" parallel="tests">
    <test verbose="2" preserve-order="true" name="Test1">
        <parameter name="DeviceName" value="Android13"/>
        <classes>
            <class name="tests.PlaceOrderTest"/>
            <class name="tests.SortingTest"/>
            <class name="tests.AddToCartTest"/>
        </classes>
    </test>
<!--    <test verbose="2" preserve-order="true" name="Test2">-->
<!--        <parameter name="DeviceName" value="Android12"/>-->
<!--        <classes>-->
<!--            <class name="tests.PlaceOrderTest"/>-->
<!--            <class name="tests.SortingTest"/>-->
<!--            <class name="tests.AddToCartTest"/>-->
<!--        </classes>-->
<!--    </test>-->
</suite>